model,feature_set,param,best_value,best_median_MAE,worst_value,worst_median_MAE,max_median_gap
LSTCN,baseline,alpha,0.01,0.11389021365370985,0.0,0.23110083165482048,0.11721061800111063
LSTCN,baseline,n_blocks,5,0.12806252666706885,1,0.16645050034196074,0.038387973674891884
LSTCN,baseline,solver,lsqr,0.1329234415219424,cholesky,0.14268695473811036,0.009763513216167946
LSTCN,augmented,alpha,0.1,0.1393736942771045,0.0,0.24083911050372953,0.10146541622662503
LSTCN,augmented,n_blocks,5,0.1539433571596571,2,0.225014319065206,0.0710709619055489
LSTCN,augmented,solver,cholesky,0.16962992769098065,lsqr,0.16963062734079343,6.996498127798123e-07
