solver,median_MAE
svd,0.16962992769149476
cholesky,0.16962992769098065
lsqr,0.16963062734079343
