alpha,median_MAE
0.0,0.24083911050372953
0.0001,0.190237798923861
0.001,0.17546426979544233
0.01,0.1418574834345624
0.1,0.1393736942771045
