n_steps,mean,median,std,min,max,count
1,0.19715782462597212,0.16962996435437683,0.10097904115610234,0.0534686442077092,0.5146856087554275,450
