n_blocks,median_MAE
1,0.1818591210824331
2,0.225014319065206
3,0.17037711218800333
4,0.15620993678339234
5,0.1539433571596571
