n_steps,mean,median,std,min,max,count
1,0.16670106046421754,0.13957764761304026,0.11391060330485767,0.0367984254915758,0.6526183802766927,450
