alpha,median_MAE
0.0,0.23110083165482048
0.0001,0.15360245920273444
0.001,0.13202186890384798
0.01,0.11389021365370985
0.1,0.12215493297330975
