n_blocks,median_MAE
1,0.16645050034196074
2,0.15002596282751662
3,0.1329086490320731
4,0.14021955761413235
5,0.12806252666706885
