solver,median_MAE
svd,0.13766892356179083
cholesky,0.14268695473811036
lsqr,0.1329234415219424
