param,baseline_gap,augmented_gap
n_blocks,0.038387973674891884,0.0710709619055489
solver,0.009763513216167946,6.996498127798123e-07
alpha,0.11721061800111063,0.10146541622662503
