model,feature_set,param,best_value,best_median_MAE,worst_value,worst_median_MAE,max_median_gap
SVR,baseline,epsilon,0.01,0.1433770417126321,0.2,0.2284227560475936,0.0850457143349615
SVR,baseline,C,100.0,0.16208249567411825,0.1,0.2452556346348121,0.08317313896069384
SVR,baseline,kernel,linear,0.15085043351156974,poly,0.1884812603606011,0.03763082684903135
SVR,baseline,gamma,nan,0.15085043351156974,0.1,0.18714608476658734,0.0362956512550176
SVR,augmented,C,10.0,0.18342212286271195,0.1,0.28317816621956,0.09975604335684804
SVR,augmented,epsilon,0.01,0.1611732544314367,0.2,0.2430689748689005,0.08189572043746379
SVR,augmented,gamma,nan,0.1624001134858944,1,0.2145374818574212,0.0521373683715268
SVR,augmented,kernel,linear,0.1624001134858944,poly,0.20987556714558794,0.04747545365969355
