gamma,median_MAE
scale,0.1904208753641575
auto,0.19525079104185522
0.1,0.1907287519057823
1,0.2145374818574212
nan,0.1624001134858944
