kernel,median_MAE
linear,0.1624001134858944
rbf,0.1880041303742046
poly,0.20987556714558794
