epsilon,median_MAE
0.001,0.16464916274239966
0.01,0.1611732544314367
0.1,0.1941054838797127
0.2,0.2430689748689005
