epsilon,median_MAE
0.001,0.14503061789814764
0.01,0.1433770417126321
0.1,0.1689600018535597
0.2,0.2284227560475936
