gamma,median_MAE
scale,0.18112250358274207
auto,0.18712600408337177
0.1,0.18714608476658734
1,0.1808228648345936
nan,0.15085043351156974
