kernel,median_MAE
linear,0.15085043351156974
rbf,0.1607266004246809
poly,0.1884812603606011
