n_estimators,median_MAE
50,0.2739866753790502
100,0.21470458617052213
150,0.2026219657410504
