reg_alpha,median_MAE
0.0,0.18351374782436705
0.1,0.199365526364091
1.0,0.32542411636586654
