reg_lambda,median_MAE
0.0,0.20010863590651157
1.0,0.2078104249348644
5.0,0.23966586083121005
10.0,0.2775630500915216
