subsample,median_MAE
0.8,0.23075317942253054
1.0,0.2160532617462611
