min_child_weight,median_MAE
1,0.21529582920293444
3,0.2270458215899871
