colsample_bytree,median_MAE
0.8,0.22164753474314597
1.0,0.22111999528169257
