learning_rate,median_MAE
0.01,0.32248339116897035
0.05,0.2052938857863413
0.1,0.186613429423787
