max_depth,mean,median,std,min,max,count
10,0.24681168230097297,0.22151125893903933,0.09765561151586473,0.0501080043097183,0.5053805245081268,5184
