min_child_weight,median_MAE
1,0.2161440406535831
3,0.2327607964925485
