n_estimators,median_MAE
50,0.2757134463494856
100,0.216776237402067
150,0.2048086799497472
