reg_lambda,median_MAE
0.0,0.1982576254567685
1.0,0.208454288652221
5.0,0.2410284601494255
10.0,0.2776641651399019
