learning_rate,median_MAE
0.01,0.32425863090272733
0.05,0.20546401617759225
0.1,0.18632230968832325
