colsample_bytree,median_MAE
0.8,0.2230422658266201
1.0,0.2275675687725564
