reg_alpha,median_MAE
0.0,0.18363315415088843
0.1,0.19888543072426246
1.0,0.3252990278231668
