max_depth,mean,median,std,min,max,count
10,0.24701314302981722,0.2262148308027044,0.09841515597791396,0.050000542725203,0.5050752210658349,5184
