subsample,median_MAE
0.8,0.23376795528362934
1.0,0.21509733742400744
