model,feature_set,param,best_value,best_median_MAE,worst_value,worst_median_MAE,max_median_gap
ARIMAX,baseline,p,1,0.1322887831228761,3,0.1586799159600243,0.026391132837148196
ARIMAX,baseline,q,2,0.1437515327856238,3,0.1698096148366809,0.026058082051057085
ARIMAX,baseline,d,0,0.1422564183629881,1,0.1552078161706201,0.012951397807631992
ARIMAX,baseline,trend,c,0.1447966778136192,n,0.1555334292923573,0.010736751478738094
ARIMAX,augmented,trend,n,0.1849373987229857,c,0.2579987790194807,0.073061380296495
ARIMAX,augmented,q,0,0.20547392116140833,3,0.2579987790194807,0.05252485785807237
ARIMAX,augmented,d,1,0.20802773334190933,0,0.24553333271264505,0.03750559937073572
ARIMAX,augmented,p,0,0.2025259955845098,3,0.2352384202793453,0.03271242469483551
