trend,median_MAE
n,0.1849373987229857
c,0.2579987790194807
