trend,median_MAE
n,0.1555334292923573
c,0.1447966778136192
