param,baseline_gap,augmented_gap
p,0.026391132837148196,0.03271242469483551
d,0.012951397807631992,0.03750559937073572
q,0.026058082051057085,0.05252485785807237
trend,0.010736751478738094,0.073061380296495
